ID,Title
o6f59z,Is there a way to see the running deployments via the Command Line Interface?
o23krd,First Major Deployment - Office 2019 Problems
o16c08,ReturnCode cannot be null
o0kat5,False successful deployment
nxl8sx,Auto-retry failed deployments?
nwrz02,exceeded timeout for completion
nw65z3,From /r/sysadim: how to disable Windows Taskbar widget for Windows 10 June update
nw1xne,PDQ Deploy packs v76.0.0 (2021-06-09)
nqu2kb,Trying scan a specific registry key
nq6xym,Zoom Gov
nm8d0x,2009 Collections missing?
ngbazz,"Yo pdq people, could you consider adding draw.io or yed which are visio replacements draw.io is open source too!"
nga0ca,PDQ Inventory - Dynamic Collection of Duplicate IPs
nfvhsc,PdqStuff module
nfegs4,PDQ Deploy Service account logon script
ncf2tx,NVidia Vulnerable Drivers Report
n9nw6w,Pronters
n4t3ch,May the 4th be with you
mz1p8k,"Looking for Java7.zip from the ""Which Java versions are on my network? "" guide"
mx4hqq,PDQ Link Uninstaller?
mvg7u6,Remote desktop as someone else (Inventory)
mq9ohi,PDQ Deploy packs v75.0.0 (2021-04-13)
mmwhje,Stale PS Scanner Data
mm2e7i,Hide windows update
mk1es7,"We have disabled the credentialed account PDQ uses to install stuff, and now we get endless attempts that the login failed. is there a service or something we need to stop to prevent PDQ from trying to do whatever it's trying to do? We don't have anything scheduled. Thanks."
o5qgim,PDQ Research - Questions about package library.
mcul5a,Retry Queue broken with version 19.3.30.0
